Workbook

Sheet AIConfig
A1: 战斗id | B1: 关卡类型 | C1: 挑战消耗 | D1: 通关奖励1 | E1: 通关奖励2 | F1: 通关奖励3 | G1: 胜利奖励 | H1: 关卡怪物 | I1: 失败奖励 | J1: 每波怪物 | K1: 怪物攻击加成 | L1: 怪物血量加成 | M1: 地图资源 | N1: 升级经验 | O1: 失败后怪物血量减少 | P1: 关卡icon | Q1: 初始必出词条
A2: int | B2: int | C2: item[] | D2: item[] | E2: item[] | F2: item[] | G2: item[] | H2: int[] | I2: int[][] | J2: int[][] | K2: int | L2: int | M2: string | N2: int[] | O2: int[] | P2: string | Q2: int[]
B3: nkey
A4: Id | B4: type | C4: item_id | D4: chest_reward_1 | E4: chest_reward_2 | F4: chest_reward_3 | G4: reward | H4: battle_monster | I4: consequence | J4: interval | K4: att_add | L4: hp_add | M4: map_res | N4: level_exp | O4: Lose_add | P4: icon | Q4: forceCards
A5: 1 | B5: 1 | C5: 103*6 | D5: 100*150;2008*5;2011*25 | E5: 100*200;2008*10;2011*50 | F5: 100*250;101*75;2011*75 | G5: 100*150;102*6;2001*1;2008*1;2011*39 | H5: 10001;10002 | I5: 1*33*4*50*10*75*20*100;1*100;3*100;1*100;2*65*5*100 | J5: 0*1;6000*2;8000*3;6000*4;6000*5;8000*6;6000*7;6000*8;8000*9;6000*10;6000*11;8000*12;6000*13;6000*14;8000*15;6000*16;6000*17;8000*18;6000*19;6000*20 | K5: 0 | L5: 0 | M5: level_1 | N5: 2;4;6;8;10;12;14;16;18;20;22;24;28;32;36;40;45;50;55;60 | O5: 20;40 | P5: zjm_bg_02 | Q5: 1201;1101;1301;1005;1204
A6: 2 | B6: 1 | C6: 103*6 | D6: 100*150;2008*5;2011*25 | E6: 100*200;2008*10;2011*50 | F6: 100*250;101*75;2011*75 | G6: 100*150;102*6;2001*1;2008*1;2011*39 | H6: 10017;10002 | I6: 1*33*4*50*10*75*20*100;1*100;3*100;1*100;2*65*5*100 | J6: 0*21;6000*22;8000*23;6000*24;6000*25;8000*26;6000*27;6000*28;8000*29;6000*30;6000*31;8000*32;6000*33;6000*34;8000*35;6000*36;6000*37;8000*38;6000*39;6000*40 | K6: 0 | L6: 10 | M6: level_2 | N6: 3;4;6;8;9;10;12;14;16;18;20;24;28;32;36;40;45;50;55;60 | O6: 20;40 | P6: zjm_bg_07 | Q6: 1401;1201;1204;1324
A7: 3 | B7: 1 | C7: 103*6 | D7: 100*150;2008*5;2011*25 | E7: 100*200;2008*10;2011*50 | F7: 100*250;101*75;2011*75 | G7: 100*150;102*6;2001*1;2008*1;2011*42 | H7: 10001;10018;10003 | I7: 1*33*4*50*10*75*20*100;1*100;3*100;1*100;2*65*5*100 | J7: 0*41;6000*42;8000*43;6000*44;6000*45;8000*46;6000*47;6000*48;8000*49;6000*50;6000*51;8000*52;6000*53;6000*54;8000*55;6000*56;6000*57;8000*58;6000*59;6000*60 | K7: 5 | L7: 20 | M7: level_3 | N7: 4;6;7;8;9;10;12;14;16;18;20;24;28;32;36;40;45;50;55;60 | O7: 10;20;30;40;50 | P7: zjm_bg_02 | Q7: 1401;1301;1407;1408
A8: 4 | B8: 1 | C8: 103*6 | D8: 100*150;2008*5;2011*25 | E8: 100*200;2008*10;2011*50 | F8: 100*250;101*75;2011*75 | G8: 100*150;102*6;2001*1;2008*1;2011*42 | H8: 10017;10002;10004;30004 | I8: 1*33*4*50*10*75*20*100;1*100;3*100;1*100;2*65*5*100 | J8: 0*61;6000*62;8000*63;6000*64;6000*65;8000*66;6000*67;6000*68;8000*69;6000*70;6000*71;8000*72;6000*73;6000*74;8000*75;6000*76;6000*77;8000*78;6000*79;6000*80 | K8: 15 | L8: 30 | M8: level_4 | N8: 4;6;7;8;9;10;12;14;16;19;20;24;28;32;36;40;45;50;55;60 | O8: 10;20;30;40;50 | P8: zjm_bg_03 | Q8: 1101;1401
A9: 5 | B9: 1 | C9: 103*6 | D9: 100*150;2008*5;2011*25 | E9: 100*200;2008*10;2011*50 | F9: 100*250;101*75;2011*75 | G9: 100*150;102*6;2001*1;2008*1;2011*43 | H9: 10001;10018;10005;30002 | I9: 1*33*4*50*10*75*20*100;1*100;3*100;1*100;2*65*5*100 | J9: 0*81;6000*82;8000*83;6000*84;6000*85;8000*86;6000*87;6000*88;8000*89;6000*90;6000*91;8000*92;6000*93;6000*94;8000*95;6000*96;6000*97;8000*98;6000*99;6000*100 | K9: 25 | L9: 50 | M9: level_5 | N9: 4;5;6;7;8;10;14;16;18;26;30;35;40;45;50;55;60;65;70;75 | O9: 10;15;20;25;30;35;40;45;50 | P9: zjm_bg_07
A10: 6 | B10: 1 | C10: 103*6 | D10: 100*150;2008*5;2011*25;603*1 | E10: 100*200;2008*10;2011*50 | F10: 100*250;101*75;2011*75 | G10: 100*150;102*6;2001*1;2008*1;2011*43 | H10: 10017;10006;10003;30001 | I10: 1*33*4*50*10*75*20*100;1*100;3*100;1*100;2*65*5*100 | J10: 0*101;6000*102;8000*103;6000*104;6000*105;8000*106;6000*107;6000*108;8000*109;6000*110;6000*111;8000*112;6000*113;6000*114;8000*115;6000*116;6000*117;8000*118;6000*119;6000*120 | K10: 35 | L10: 50 | M10: level_6 | N10: 5;6;7;8;9;12;16;20;25;30;35;40;45;50;56;60;65;70;75;80 | O10: 10;15;20;25;30;35;40;45;50 | P10: zjm_bg_02
A11: 7 | B11: 1 | C11: 103*6 | D11: 100*150;2008*5;2011*25;302*1 | E11: 100*200;2008*10;2011*50 | F11: 100*250;101*75;2011*75 | G11: 100*150;102*6;2001*1;2008*1;2011*45 | H11: 10006;10004;10005;30005 | I11: 1*33*4*50*10*75*20*100;1*100;3*100;1*100;2*65*5*100 | J11: 0*121;6000*122;8000*123;6000*124;6000*125;8000*126;6000*127;6000*128;8000*129;6000*130;6000*131;8000*132;6000*133;6000*134;8000*135;6000*136;6000*137;8000*138;6000*139;6000*140 | K11: 50 | L11: 70 | M11: level_8 | N11: 5;6;7;8;9;12;16;20;25;30;35;40;45;50;55;60;65;70;75;80 | O11: 5;10;15;20;25;30;35;40;45;50 | P11: zjm_bg_07
A12: 8 | B12: 1 | C12: 103*6 | D12: 100*150;2008*5;2011*25 | E12: 100*200;2008*10;2011*50 | F12: 100*250;101*75;2011*75 | G12: 100*150;102*6;2001*1;2008*1;2011*45 | H12: 10001;10003;10004;30008 | I12: 1*33*4*50*10*75*20*100;1*100;3*100;1*100;2*65*5*100 | J12: 0*141;6000*142;8000*143;6000*144;6000*145;8000*146;6000*147;6000*148;8000*149;6000*150;6000*151;8000*152;6000*153;6000*154;8000*155;6000*156;6000*157;8000*158;6000*159;6000*160 | K12: 65 | L12: 70 | M12: level_1 | N12: 5;6;7;8;9;12;16;20;25;30;35;40;45;50;55;60;65;70;75;80 | O12: 5;10;15;20;25;30;35;40;45;50 | P12: zjm_bg_02
A13: 9 | B13: 1 | C13: 103*6 | D13: 100*150;2008*5;2011*25 | E13: 100*200;2008*10;2011*50 | F13: 100*250;101*75;2011*75 | G13: 100*150;102*6;2001*1;2008*2;2011*45 | H13: 10001;10002;10004;30002 | I13: 1*33*4*50*10*75*20*100;1*100;3*100;1*100;2*65*5*100 | J13: 0*161;6000*162;8000*163;6000*164;6000*165;8000*166;6000*167;6000*168;8000*169;6000*170;6000*171;8000*172;6000*173;6000*174;8000*175;6000*176;6000*177;8000*178;6000*179;6000*180 | K13: 80 | L13: 100 | M13: level_2 | N13: 5;6;7;8;9;12;16;20;25;30;35;40;45;50;55;60;65;70;75;80 | O13: 5;10;15;20;25;30;35;40;45;50 | P13: zjm_bg_07
A14: 10 | B14: 1 | C14: 103*6 | D14: 100*150;2008*5;2011*25;606*1 | E14: 100*200;2008*10;2011*50 | F14: 100*250;101*75;2011*75 | G14: 100*150;102*6;2001*1;2008*2;2011*45 | H14: 10006;10004;10005;30005 | I14: 1*33*4*50*10*75*20*100;1*100;3*100;1*100;2*65*5*100 | J14: 0*181;6000*182;8000*183;6000*184;6000*185;8000*186;6000*187;6000*188;8000*189;6000*190;6000*191;8000*192;6000*193;6000*194;8000*195;6000*196;6000*197;8000*198;6000*199;6000*200 | K14: 95 | L14: 100 | M14: level_3 | N14: 5;6;7;8;9;12;16;20;25;30;35;40;45;50;55;60;65;70;75;80 | O14: 5;10;15;20;25;30;35;40;45;50 | P14: zjm_bg_02
A15: 11 | B15: 1 | C15: 103*6 | D15: 100*150;2008*5;2011*25 | E15: 100*200;2008*10;2011*50 | F15: 100*250;101*75;2011*75 | G15: 100*150;102*6;2001*1;2008*2;2011*45 | H15: 10001;10003;10011;30008 | I15: 1*33*4*50*10*75*20*100;1*100;3*100;1*100;2*65*5*100 | J15: 0*201;6000*202;8000*203;6000*204;6000*205;8000*206;6000*207;6000*208;8000*209;6000*210;6000*211;8000*212;6000*213;6000*214;8000*215;6000*216;6000*217;8000*218;6000*219;6000*220 | K15: 110 | L15: 130 | M15: level_4 | N15: 5;6;7;8;9;12;16;20;25;30;35;40;45;50;55;60;65;70;75;80 | O15: 3;6;9;12;14;16;18;20;25;30;35;40;45;50 | P15: zjm_bg_03
A16: 12 | B16: 1 | C16: 103*6 | D16: 100*150;2008*5;2011*25;303*1 | E16: 100*200;2008*10;2011*50 | F16: 100*250;101*75;2011*75 | G16: 100*155;102*6;2001*1;2008*2;2011*46 | H16: 10017;10002;10018;30002 | I16: 1*33*4*50*10*75*20*100;1*100;3*100;1*100;2*65*5*100 | J16: 0*221;6000*222;8000*223;6000*224;6000*225;8000*226;6000*227;6000*228;8000*229;6000*230;6000*231;8000*232;6000*233;6000*234;8000*235;6000*236;6000*237;8000*238;6000*239;6000*240 | K16: 120 | L16: 130 | M16: level_5 | N16: 5;6;7;8;9;12;16;20;25;30;35;40;45;50;55;60;65;70;75;80 | O16: 3;6;9;12;14;16;18;20;25;30;35;40;45;50 | P16: zjm_bg_07
A17: 13 | B17: 1 | C17: 103*6 | D17: 100*150;2008*5;2011*25 | E17: 100*200;2008*10;2011*50 | F17: 100*250;101*75;2011*75 | G17: 100*165;102*6;2001*1;2008*2;2011*48 | H17: 10006;10002;10011;30003 | I17: 1*33*4*50*10*75*20*100;1*100;3*100;1*100;2*65*5*100 | J17: 0*241;6000*242;8000*243;6000*244;6000*245;8000*246;6000*247;6000*248;8000*249;6000*250;6000*251;8000*252;6000*253;6000*254;8000*255;6000*256;6000*257;8000*258;6000*259;6000*260 | K17: 130 | L17: 160 | M17: level_6 | N17: 5;6;7;8;9;12;16;20;25;30;35;40;45;50;55;60;65;70;75;80 | O17: 3;6;9;12;14;16;18;20;25;30;35;40;45;50 | P17: zjm_bg_02
A18: 14 | B18: 1 | C18: 103*6 | D18: 100*150;2008*5;2011*25 | E18: 100*200;2008*10;2011*50 | F18: 100*250;101*75;2011*75 | G18: 100*165;102*6;2001*1;2008*2;2011*48 | H18: 10001;10004;10007;30002 | I18: 1*33*4*50*10*75*20*100;1*100;3*100;1*100;2*65*5*100 | J18: 0*261;6000*262;8000*263;6000*264;6000*265;8000*266;6000*267;6000*268;8000*269;6000*270;6000*271;8000*272;6000*273;6000*274;8000*275;6000*276;6000*277;8000*278;6000*279;6000*280 | K18: 140 | L18: 160 | M18: level_8 | N18: 5;6;7;8;9;12;16;20;25;30;35;40;45;50;55;60;65;70;75;80 | O18: 3;6;9;12;14;16;18;20;25;30;35;40;45;50 | P18: zjm_bg_07
A19: 15 | B19: 1 | C19: 103*6 | D19: 100*150;2008*5;2011*25;607*10 | E19: 100*200;2008*10;2011*50 | F19: 100*250;101*75;2011*75 | G19: 100*165;102*6;2001*1;2008*2;2011*48 | H19: 10017;10005;10011;30004 | I19: 1*33*4*50*10*75*20*100;1*100;3*100;1*100;2*65*5*100 | J19: 0*281;6000*282;8000*283;6000*284;6000*285;8000*286;6000*287;6000*288;8000*289;6000*290;6000*291;8000*292;6000*293;6000*294;8000*295;6000*296;6000*297;8000*298;6000*299;6000*300 | K19: 150 | L19: 190 | M19: level_1 | N19: 5;6;7;8;9;12;16;20;25;30;35;40;50;60;70;80;90;100;110;120 | O19: 3;6;9;12;14;16;18;20;25;30;35;40;45;50 | P19: zjm_bg_02
A20: 16 | B20: 1 | C20: 103*6 | D20: 100*150;2008*5;2011*25 | E20: 100*200;2008*10;2011*50 | F20: 100*250;101*75;2011*75 | G20: 100*165;102*6;2001*1;2008*3;2011*52 | H20: 10001;10004;10007;20001 | I20: 1*33*4*50*10*75*20*100;1*100;3*100;1*100;2*65*5*100 | J20: 0*301;6000*302;8000*303;6000*304;6000*305;8000*306;6000*307;6000*308;8000*309;6000*310;6000*311;8000*312;6000*313;6000*314;8000*315;6000*316;6000*317;8000*318;6000*319;6000*320 | K20: 170 | L20: 220 | M20: level_2 | N20: 5;6;7;8;9;12;16;20;25;30;35;40;50;60;70;80;90;100;110;120 | O20: 3;6;9;12;14;16;18;20;25;30;35;40;45;50 | P20: zjm_bg_07
... A54: 50 | B54: 1 | C54: 103*6 | D54: 100*150;2008*5;2011*25 | E54: 100*200;2008*10;2011*50 | F54: 100*250;101*75;2011*75 | G54: 100*180;102*6;2001*1;2008*3;2011*60 | H54: 10001;10005;10018;30009;30005 | I54: 1*33*4*50*10*75*20*100;1*100;3*100;1*100;2*65*5*100 | J54: 0*981;6000*982;8000*983;6000*984;6000*985;8000*986;6000*987;6000*988;8000*989;6000*990;6000*991;8000*992;6000*993;6000*994;8000*995;6000*996;6000*997;8000*998;6000*999;6000*1000 | K54: 490 | L54: 660 | M54: level_2 | N54: 5;6;7;8;9;12;16;20;25;30;35;40;50;60;70;80;90;100;110;120 | O54: 3;6;9;12;14;16;18;20;25;30;35;40;45;50 | P54: zjm_bg_07

Sheet Sheet2
H6: 140 | I6: 6 | J6: 1 | K6: 3 | L6: 51
H9: 金币 | I9: 经验 | J9: 宝石 | K9: 强化石 | L9: 英雄碎片
G10: 1 | H10: 65 | I10: 6 | K10: 3 | N10: =H10/H6 -> 0.46428571
G11: 2 | H11: 65 | I11: 6 | K11: 3 | L11: 34
G12: 3 | H12: 65 | I12: 6 | J12: 1 | K12: 3 | L12: 34
G13: 4 | H13: 90 | I13: 6 | J13: 1 | K13: 3 | L13: 34 | N13: =H13/H6 -> 0.64285714 | O13: =N13-N10 -> 0.17857143
G14: 5 | H14: 90 | I14: 6 | J14: 1 | K14: 3 | L14: 51
G15: 6 | H15: 90 | I15: 6 | J15: 1 | K15: 3 | L15: 51
G16: 7 | H16: 90 | I16: 6 | J16: 1 | K16: 3 | L16: 51
G17: 8 | H17: 90 | I17: 6 | J17: 1 | K17: 3 | L17: 51
G18: 9 | H18: 90 | I18: 6 | J18: 1 | K18: 3 | L18: 51
G19: 10 | H19: 115 | I19: 6 | J19: 1 | K19: 3 | L19: 51 | N19: =H19/H6 -> 0.82142857 | O19: =N19-N13 -> 0.17857143
G20: 11 | H20: 115 | I20: 6 | J20: 1 | K20: 3 | L20: 51
G21: 12 | H21: 115 | I21: 6 | J21: 1 | K21: 3 | L21: 51
G22: 13 | H22: 115 | I22: 6 | J22: 1 | K22: 3 | L22: 51
G23: 14 | H23: 115 | I23: 6 | J23: 1 | K23: 3 | L23: 51
G24: 15 | H24: 115 | I24: 6 | J24: 1 | K24: 3 | L24: 51
G25: 16 | H25: 115 | I25: 6 | J25: 1 | K25: 3 | L25: 51
G26: 17 | H26: 115 | I26: 6 | J26: 1 | K26: 3 | L26: 51
G27: 18 | H27: 115 | I27: 6 | J27: 1 | K27: 3 | L27: 51
G28: 19 | H28: 115 | I28: 6 | J28: 1 | K28: 3 | L28: 51
G29: 20 | H29: 140 | I29: 6 | J29: 1 | K29: 3 | L29: 51 | N29: 1 | O29: =N29-N19 -> 0.17857143

Sheet Sheet1
B1: 1 | C1: 2 | D1: 3 | E1: 4 | F1: 5 | G1: 6 | H1: 7 | I1: 8 | J1: 9 | K1: 10 | L1: 11 | M1: 12 | N1: 13 | O1: 14 | P1: 15 | Q1: 16 | R1: 17 | S1: 18 | T1: 19 | U1: 20 | W1: * | X1: ;
B2: 0 | C2: 6000 | D2: 8000 | E2: 6000 | F2: 6000 | G2: 8000 | H2: 6000 | I2: 6000 | J2: 8000 | K2: 6000 | L2: 6000 | M2: 8000 | N2: 6000 | O2: 6000 | P2: 8000 | Q2: 6000 | R2: 6000 | S2: 8000 | T2: 6000 | U2: 6000
A4: 1 | B4: 401 | C4: 402 | D4: 403 | E4: 404 | F4: 405 | G4: 406 | H4: 407 | I4: 408 | J4: 409 | K4: 410 | L4: 411 | M4: 412 | N4: 413 | O4: 414 | P4: 415 | Q4: 416 | R4: 417 | S4: 418 | T4: 419 | U4: 420
A5: 2 | B5: 421 | C5: 422 | D5: 423 | E5: 424 | F5: 425 | G5: 426 | H5: 427 | I5: 428 | J5: 429 | K5: 430 | L5: 431 | M5: 432 | N5: 433 | O5: 434 | P5: 435 | Q5: 436 | R5: 437 | S5: 438 | T5: 439 | U5: 440
A6: 3 | B6: 441 | C6: 442 | D6: 443 | E6: 444 | F6: 445 | G6: 446 | H6: 447 | I6: 448 | J6: 449 | K6: 450 | L6: 451 | M6: 452 | N6: 453 | O6: 454 | P6: 455 | Q6: 456 | R6: 457 | S6: 458 | T6: 459 | U6: 460
A7: 4 | B7: 461 | C7: 462 | D7: 463 | E7: 464 | F7: 465 | G7: 466 | H7: 467 | I7: 468 | J7: 469 | K7: 470 | L7: 471 | M7: 472 | N7: 473 | O7: 474 | P7: 475 | Q7: 476 | R7: 477 | S7: 478 | T7: 479 | U7: 480
A8: 5 | B8: 481 | C8: 482 | D8: 483 | E8: 484 | F8: 485 | G8: 486 | H8: 487 | I8: 488 | J8: 489 | K8: 490 | L8: 491 | M8: 492 | N8: 493 | O8: 494 | P8: 495 | Q8: 496 | R8: 497 | S8: 498 | T8: 499 | U8: 500
A9: 6 | B9: 501 | C9: 502 | D9: 503 | E9: 504 | F9: 505 | G9: 506 | H9: 507 | I9: 508 | J9: 509 | K9: 510 | L9: 511 | M9: 512 | N9: 513 | O9: 514 | P9: 515 | Q9: 516 | R9: 517 | S9: 518 | T9: 519 | U9: 520
A10: 7 | B10: 521 | C10: 522 | D10: 523 | E10: 524 | F10: 525 | G10: 526 | H10: 527 | I10: 528 | J10: 529 | K10: 530 | L10: 531 | M10: 532 | N10: 533 | O10: 534 | P10: 535 | Q10: 536 | R10: 537 | S10: 538 | T10: 539 | U10: 540
A11: 8 | B11: 541 | C11: 542 | D11: 543 | E11: 544 | F11: 545 | G11: 546 | H11: 547 | I11: 548 | J11: 549 | K11: 550 | L11: 551 | M11: 552 | N11: 553 | O11: 554 | P11: 555 | Q11: 556 | R11: 557 | S11: 558 | T11: 559 | U11: 560
A12: 9 | B12: 561 | C12: 562 | D12: 563 | E12: 564 | F12: 565 | G12: 566 | H12: 567 | I12: 568 | J12: 569 | K12: 570 | L12: 571 | M12: 572 | N12: 573 | O12: 574 | P12: 575 | Q12: 576 | R12: 577 | S12: 578 | T12: 579 | U12: 580
A13: 10 | B13: 581 | C13: 582 | D13: 583 | E13: 584 | F13: 585 | G13: 586 | H13: 587 | I13: 588 | J13: 589 | K13: 590 | L13: 591 | M13: 592 | N13: 593 | O13: 594 | P13: 595 | Q13: 596 | R13: 597 | S13: 598 | T13: 599 | U13: 600
A14: 11 | B14: 601 | C14: 602 | D14: 603 | E14: 604 | F14: 605 | G14: 606 | H14: 607 | I14: 608 | J14: 609 | K14: 610 | L14: 611 | M14: 612 | N14: 613 | O14: 614 | P14: 615 | Q14: 616 | R14: 617 | S14: 618 | T14: 619 | U14: 620
A15: 12 | B15: 621 | C15: 622 | D15: 623 | E15: 624 | F15: 625 | G15: 626 | H15: 627 | I15: 628 | J15: 629 | K15: 630 | L15: 631 | M15: 632 | N15: 633 | O15: 634 | P15: 635 | Q15: 636 | R15: 637 | S15: 638 | T15: 639 | U15: 640
... A33: 30 | B33: 981 | C33: 982 | D33: 983 | E33: 984 | F33: 985 | G33: 986 | H33: 987 | I33: 988 | J33: 989 | K33: 990 | L33: 991 | M33: 992 | N33: 993 | O33: 994 | P33: 995 | Q33: 996 | R33: 997 | S33: 998 | T33: 999 | U33: 1000
A41: 1 | B41: =$B$2&$W$1&B4 -> 0*401 | C41: =$C$2&$W$1&C4 -> 6000*402 | D41: =$D$2&$W$1&D4 -> 8000*403 | E41: =$E$2&$W$1&E4 -> 6000*404 | F41: =$F$2&$W$1&F4 -> 6000*405 | G41: =$G$2&$W$1&G4 -> 8000*406 | H41: =$H$2&$W$1&H4 -> 6000*407 | I41: =$I$2&$W$1&I4 -> 6000*408 | J41: =$J$2&$W$1&J4 -> 8000*409 | K41: =$K$2&$W$1&K4 -> 6000*410 | L41: =$L$2&$W$1&L4 -> 6000*411 | M41: =$M$2&$W$1&M4 -> 8000*412 | N41: =$N$2&$W$1&N4 -> 6000*413 | O41: =$O$2&$W$1&O4 -> 6000*414 | P41: =$P$2&$W$1&P4 -> 8000*415 | Q41: =$Q$2&$W$1&Q4 -> 6000*416 | R41: =$R$2&$W$1&R4 -> 6000*417 | S41: =$S$2&$W$1&S4 -> 8000*418 | T41: =$T$2&$W$1&T4 -> 6000*419 | U41: =$U$2&$W$1&U4 -> 6000*420
A42: 2 | B42: =$B$2&$W$1&B5 -> 0*421 | C42: =$C$2&$W$1&C5 -> 6000*422 | D42: =$D$2&$W$1&D5 -> 8000*423 | E42: =$E$2&$W$1&E5 -> 6000*424 | F42: =$F$2&$W$1&F5 -> 6000*425 | G42: =$G$2&$W$1&G5 -> 8000*426 | H42: =$H$2&$W$1&H5 -> 6000*427 | I42: =$I$2&$W$1&I5 -> 6000*428 | J42: =$J$2&$W$1&J5 -> 8000*429 | K42: =$K$2&$W$1&K5 -> 6000*430 | L42: =$L$2&$W$1&L5 -> 6000*431 | M42: =$M$2&$W$1&M5 -> 8000*432 | N42: =$N$2&$W$1&N5 -> 6000*433 | O42: =$O$2&$W$1&O5 -> 6000*434 | P42: =$P$2&$W$1&P5 -> 8000*435 | Q42: =$Q$2&$W$1&Q5 -> 6000*436 | R42: =$R$2&$W$1&R5 -> 6000*437 | S42: =$S$2&$W$1&S5 -> 8000*438 | T42: =$T$2&$W$1&T5 -> 6000*439 | U42: =$U$2&$W$1&U5 -> 6000*440
A43: 3 | B43: =$B$2&$W$1&B6 -> 0*441 | C43: =$C$2&$W$1&C6 -> 6000*442 | D43: =$D$2&$W$1&D6 -> 8000*443 | E43: =$E$2&$W$1&E6 -> 6000*444 | F43: =$F$2&$W$1&F6 -> 6000*445 | G43: =$G$2&$W$1&G6 -> 8000*446 | H43: =$H$2&$W$1&H6 -> 6000*447 | I43: =$I$2&$W$1&I6 -> 6000*448 | J43: =$J$2&$W$1&J6 -> 8000*449 | K43: =$K$2&$W$1&K6 -> 6000*450 | L43: =$L$2&$W$1&L6 -> 6000*451 | M43: =$M$2&$W$1&M6 -> 8000*452 | N43: =$N$2&$W$1&N6 -> 6000*453 | O43: =$O$2&$W$1&O6 -> 6000*454 | P43: =$P$2&$W$1&P6 -> 8000*455 | Q43: =$Q$2&$W$1&Q6 -> 6000*456 | R43: =$R$2&$W$1&R6 -> 6000*457 | S43: =$S$2&$W$1&S6 -> 8000*458 | T43: =$T$2&$W$1&T6 -> 6000*459 | U43: =$U$2&$W$1&U6 -> 6000*460
A44: 4 | B44: =$B$2&$W$1&B7 -> 0*461 | C44: =$C$2&$W$1&C7 -> 6000*462 | D44: =$D$2&$W$1&D7 -> 8000*463 | E44: =$E$2&$W$1&E7 -> 6000*464 | F44: =$F$2&$W$1&F7 -> 6000*465 | G44: =$G$2&$W$1&G7 -> 8000*466 | H44: =$H$2&$W$1&H7 -> 6000*467 | I44: =$I$2&$W$1&I7 -> 6000*468 | J44: =$J$2&$W$1&J7 -> 8000*469 | K44: =$K$2&$W$1&K7 -> 6000*470 | L44: =$L$2&$W$1&L7 -> 6000*471 | M44: =$M$2&$W$1&M7 -> 8000*472 | N44: =$N$2&$W$1&N7 -> 6000*473 | O44: =$O$2&$W$1&O7 -> 6000*474 | P44: =$P$2&$W$1&P7 -> 8000*475 | Q44: =$Q$2&$W$1&Q7 -> 6000*476 | R44: =$R$2&$W$1&R7 -> 6000*477 | S44: =$S$2&$W$1&S7 -> 8000*478 | T44: =$T$2&$W$1&T7 -> 6000*479 | U44: =$U$2&$W$1&U7 -> 6000*480
A45: 5 | B45: =$B$2&$W$1&B8 -> 0*481 | C45: =$C$2&$W$1&C8 -> 6000*482 | D45: =$D$2&$W$1&D8 -> 8000*483 | E45: =$E$2&$W$1&E8 -> 6000*484 | F45: =$F$2&$W$1&F8 -> 6000*485 | G45: =$G$2&$W$1&G8 -> 8000*486 | H45: =$H$2&$W$1&H8 -> 6000*487 | I45: =$I$2&$W$1&I8 -> 6000*488 | J45: =$J$2&$W$1&J8 -> 8000*489 | K45: =$K$2&$W$1&K8 -> 6000*490 | L45: =$L$2&$W$1&L8 -> 6000*491 | M45: =$M$2&$W$1&M8 -> 8000*492 | N45: =$N$2&$W$1&N8 -> 6000*493 | O45: =$O$2&$W$1&O8 -> 6000*494 | P45: =$P$2&$W$1&P8 -> 8000*495 | Q45: =$Q$2&$W$1&Q8 -> 6000*496 | R45: =$R$2&$W$1&R8 -> 6000*497 | S45: =$S$2&$W$1&S8 -> 8000*498 | T45: =$T$2&$W$1&T8 -> 6000*499 | U45: =$U$2&$W$1&U8 -> 6000*500
A46: 6 | B46: =$B$2&$W$1&B9 -> 0*501 | C46: =$C$2&$W$1&C9 -> 6000*502 | D46: =$D$2&$W$1&D9 -> 8000*503 | E46: =$E$2&$W$1&E9 -> 6000*504 | F46: =$F$2&$W$1&F9 -> 6000*505 | G46: =$G$2&$W$1&G9 -> 8000*506 | H46: =$H$2&$W$1&H9 -> 6000*507 | I46: =$I$2&$W$1&I9 -> 6000*508 | J46: =$J$2&$W$1&J9 -> 8000*509 | K46: =$K$2&$W$1&K9 -> 6000*510 | L46: =$L$2&$W$1&L9 -> 6000*511 | M46: =$M$2&$W$1&M9 -> 8000*512 | N46: =$N$2&$W$1&N9 -> 6000*513 | O46: =$O$2&$W$1&O9 -> 6000*514 | P46: =$P$2&$W$1&P9 -> 8000*515 | Q46: =$Q$2&$W$1&Q9 -> 6000*516 | R46: =$R$2&$W$1&R9 -> 6000*517 | S46: =$S$2&$W$1&S9 -> 8000*518 | T46: =$T$2&$W$1&T9 -> 6000*519 | U46: =$U$2&$W$1&U9 -> 6000*520
A47: 7 | B47: =$B$2&$W$1&B10 -> 0*521 | C47: =$C$2&$W$1&C10 -> 6000*522 | D47: =$D$2&$W$1&D10 -> 8000*523 | E47: =$E$2&$W$1&E10 -> 6000*524 | F47: =$F$2&$W$1&F10 -> 6000*525 | G47: =$G$2&$W$1&G10 -> 8000*526 | H47: =$H$2&$W$1&H10 -> 6000*527 | I47: =$I$2&$W$1&I10 -> 6000*528 | J47: =$J$2&$W$1&J10 -> 8000*529 | K47: =$K$2&$W$1&K10 -> 6000*530 | L47: =$L$2&$W$1&L10 -> 6000*531 | M47: =$M$2&$W$1&M10 -> 8000*532 | N47: =$N$2&$W$1&N10 -> 6000*533 | O47: =$O$2&$W$1&O10 -> 6000*534 | P47: =$P$2&$W$1&P10 -> 8000*535 | Q47: =$Q$2&$W$1&Q10 -> 6000*536 | R47: =$R$2&$W$1&R10 -> 6000*537 | S47: =$S$2&$W$1&S10 -> 8000*538 | T47: =$T$2&$W$1&T10 -> 6000*539 | U47: =$U$2&$W$1&U10 -> 6000*540
A48: 8 | B48: =$B$2&$W$1&B11 -> 0*541 | C48: =$C$2&$W$1&C11 -> 6000*542 | D48: =$D$2&$W$1&D11 -> 8000*543 | E48: =$E$2&$W$1&E11 -> 6000*544 | F48: =$F$2&$W$1&F11 -> 6000*545 | G48: =$G$2&$W$1&G11 -> 8000*546 | H48: =$H$2&$W$1&H11 -> 6000*547 | I48: =$I$2&$W$1&I11 -> 6000*548 | J48: =$J$2&$W$1&J11 -> 8000*549 | K48: =$K$2&$W$1&K11 -> 6000*550 | L48: =$L$2&$W$1&L11 -> 6000*551 | M48: =$M$2&$W$1&M11 -> 8000*552 | N48: =$N$2&$W$1&N11 -> 6000*553 | O48: =$O$2&$W$1&O11 -> 6000*554 | P48: =$P$2&$W$1&P11 -> 8000*555 | Q48: =$Q$2&$W$1&Q11 -> 6000*556 | R48: =$R$2&$W$1&R11 -> 6000*557 | S48: =$S$2&$W$1&S11 -> 8000*558 | T48: =$T$2&$W$1&T11 -> 6000*559 | U48: =$U$2&$W$1&U11 -> 6000*560
A49: 9 | B49: =$B$2&$W$1&B12 -> 0*561 | C49: =$C$2&$W$1&C12 -> 6000*562 | D49: =$D$2&$W$1&D12 -> 8000*563 | E49: =$E$2&$W$1&E12 -> 6000*564 | F49: =$F$2&$W$1&F12 -> 6000*565 | G49: =$G$2&$W$1&G12 -> 8000*566 | H49: =$H$2&$W$1&H12 -> 6000*567 | I49: =$I$2&$W$1&I12 -> 6000*568 | J49: =$J$2&$W$1&J12 -> 8000*569 | K49: =$K$2&$W$1&K12 -> 6000*570 | L49: =$L$2&$W$1&L12 -> 6000*571 | M49: =$M$2&$W$1&M12 -> 8000*572 | N49: =$N$2&$W$1&N12 -> 6000*573 | O49: =$O$2&$W$1&O12 -> 6000*574 | P49: =$P$2&$W$1&P12 -> 8000*575 | Q49: =$Q$2&$W$1&Q12 -> 6000*576 | R49: =$R$2&$W$1&R12 -> 6000*577 | S49: =$S$2&$W$1&S12 -> 8000*578 | T49: =$T$2&$W$1&T12 -> 6000*579 | U49: =$U$2&$W$1&U12 -> 6000*580
A50: 10 | B50: =$B$2&$W$1&B13 -> 0*581 | C50: =$C$2&$W$1&C13 -> 6000*582 | D50: =$D$2&$W$1&D13 -> 8000*583 | E50: =$E$2&$W$1&E13 -> 6000*584 | F50: =$F$2&$W$1&F13 -> 6000*585 | G50: =$G$2&$W$1&G13 -> 8000*586 | H50: =$H$2&$W$1&H13 -> 6000*587 | I50: =$I$2&$W$1&I13 -> 6000*588 | J50: =$J$2&$W$1&J13 -> 8000*589 | K50: =$K$2&$W$1&K13 -> 6000*590 | L50: =$L$2&$W$1&L13 -> 6000*591 | M50: =$M$2&$W$1&M13 -> 8000*592 | N50: =$N$2&$W$1&N13 -> 6000*593 | O50: =$O$2&$W$1&O13 -> 6000*594 | P50: =$P$2&$W$1&P13 -> 8000*595 | Q50: =$Q$2&$W$1&Q13 -> 6000*596 | R50: =$R$2&$W$1&R13 -> 6000*597 | S50: =$S$2&$W$1&S13 -> 8000*598 | T50: =$T$2&$W$1&T13 -> 6000*599 | U50: =$U$2&$W$1&U13 -> 6000*600
A51: 11 | B51: =$B$2&$W$1&B14 -> 0*601 | C51: =$C$2&$W$1&C14 -> 6000*602 | D51: =$D$2&$W$1&D14 -> 8000*603 | E51: =$E$2&$W$1&E14 -> 6000*604 | F51: =$F$2&$W$1&F14 -> 6000*605 | G51: =$G$2&$W$1&G14 -> 8000*606 | H51: =$H$2&$W$1&H14 -> 6000*607 | I51: =$I$2&$W$1&I14 -> 6000*608 | J51: =$J$2&$W$1&J14 -> 8000*609 | K51: =$K$2&$W$1&K14 -> 6000*610 | L51: =$L$2&$W$1&L14 -> 6000*611 | M51: =$M$2&$W$1&M14 -> 8000*612 | N51: =$N$2&$W$1&N14 -> 6000*613 | O51: =$O$2&$W$1&O14 -> 6000*614 | P51: =$P$2&$W$1&P14 -> 8000*615 | Q51: =$Q$2&$W$1&Q14 -> 6000*616 | R51: =$R$2&$W$1&R14 -> 6000*617 | S51: =$S$2&$W$1&S14 -> 8000*618 | T51: =$T$2&$W$1&T14 -> 6000*619 | U51: =$U$2&$W$1&U14 -> 6000*620
A52: 12 | B52: =$B$2&$W$1&B15 -> 0*621 | C52: =$C$2&$W$1&C15 -> 6000*622 | D52: =$D$2&$W$1&D15 -> 8000*623 | E52: =$E$2&$W$1&E15 -> 6000*624 | F52: =$F$2&$W$1&F15 -> 6000*625 | G52: =$G$2&$W$1&G15 -> 8000*626 | H52: =$H$2&$W$1&H15 -> 6000*627 | I52: =$I$2&$W$1&I15 -> 6000*628 | J52: =$J$2&$W$1&J15 -> 8000*629 | K52: =$K$2&$W$1&K15 -> 6000*630 | L52: =$L$2&$W$1&L15 -> 6000*631 | M52: =$M$2&$W$1&M15 -> 8000*632 | N52: =$N$2&$W$1&N15 -> 6000*633 | O52: =$O$2&$W$1&O15 -> 6000*634 | P52: =$P$2&$W$1&P15 -> 8000*635 | Q52: =$Q$2&$W$1&Q15 -> 6000*636 | R52: =$R$2&$W$1&R15 -> 6000*637 | S52: =$S$2&$W$1&S15 -> 8000*638 | T52: =$T$2&$W$1&T15 -> 6000*639 | U52: =$U$2&$W$1&U15 -> 6000*640
... A70: 30 | B70: =$B$2&$W$1&B33 -> 0*981 | C70: =$C$2&$W$1&C33 -> 6000*982 | D70: =$D$2&$W$1&D33 -> 8000*983 | E70: =$E$2&$W$1&E33 -> 6000*984 | F70: =$F$2&$W$1&F33 -> 6000*985 | G70: =$G$2&$W$1&G33 -> 8000*986 | H70: =$H$2&$W$1&H33 -> 6000*987 | I70: =$I$2&$W$1&I33 -> 6000*988 | J70: =$J$2&$W$1&J33 -> 8000*989 | K70: =$K$2&$W$1&K33 -> 6000*990 | L70: =$L$2&$W$1&L33 -> 6000*991 | M70: =$M$2&$W$1&M33 -> 8000*992 | N70: =$N$2&$W$1&N33 -> 6000*993 | O70: =$O$2&$W$1&O33 -> 6000*994 | P70: =$P$2&$W$1&P33 -> 8000*995 | Q70: =$Q$2&$W$1&Q33 -> 6000*996 | R70: =$R$2&$W$1&R33 -> 6000*997 | S70: =$S$2&$W$1&S33 -> 8000*998 | T70: =$T$2&$W$1&T33 -> 6000*999 | U70: =$U$2&$W$1&U33 -> 6000*1000

Sheet Sheet3
A1: 关卡 | B1: 数据
A2: 1 | B2: =Sheet1!B41&Sheet1!$X$1&Sheet1!C41&Sheet1!$X$1&Sheet1!D41&Sheet1!$X$1&Sheet1!E41&Sheet1!$X$1&Sheet1!F41&Sheet1!$X$1&Sheet1!G41&Sheet1!$X$1&Sheet1!H41&Sheet1!$X$1&Sheet1!I41&Sheet1!$X$1&Sheet1!J41&Sheet1!$X$1&Sheet1!K41&Sheet1!$X$1&Sheet1!L41&Sheet1!$X$1&Sheet1!M41&Sheet1!$X$1&Sheet1!N41&Sheet1!$X$1&Sheet1!O41&Sheet1!$X$1&Sheet1!P41&Sheet1!$X$1&Sheet1!Q41&Sheet1!$X$1&Sheet1!R41&Sheet1!$X$1&Sheet1!S41&Sheet1!$X$1&Sheet1!T41&Sheet1!$X$1&Sheet1!U41 -> 0*401;6000*402;8000*403;6000*404;6000*405;8000*406;6000*407;6000*408;8000*409;6000*410;6000*411;8000*412;6000*413;6000*414;8000*415;6000*416;6000*417;8000*418;6000*419;6000*420
A3: 2 | B3: =Sheet1!B42&Sheet1!$X$1&Sheet1!C42&Sheet1!$X$1&Sheet1!D42&Sheet1!$X$1&Sheet1!E42&Sheet1!$X$1&Sheet1!F42&Sheet1!$X$1&Sheet1!G42&Sheet1!$X$1&Sheet1!H42&Sheet1!$X$1&Sheet1!I42&Sheet1!$X$1&Sheet1!J42&Sheet1!$X$1&Sheet1!K42&Sheet1!$X$1&Sheet1!L42&Sheet1!$X$1&Sheet1!M42&Sheet1!$X$1&Sheet1!N42&Sheet1!$X$1&Sheet1!O42&Sheet1!$X$1&Sheet1!P42&Sheet1!$X$1&Sheet1!Q42&Sheet1!$X$1&Sheet1!R42&Sheet1!$X$1&Sheet1!S42&Sheet1!$X$1&Sheet1!T42&Sheet1!$X$1&Sheet1!U42 -> 0*421;6000*422;8000*423;6000*424;6000*425;8000*426;6000*427;6000*428;8000*429;6000*430;6000*431;8000*432;6000*433;6000*434;8000*435;6000*436;6000*437;8000*438;6000*439;6000*440
A4: 3 | B4: =Sheet1!B43&Sheet1!$X$1&Sheet1!C43&Sheet1!$X$1&Sheet1!D43&Sheet1!$X$1&Sheet1!E43&Sheet1!$X$1&Sheet1!F43&Sheet1!$X$1&Sheet1!G43&Sheet1!$X$1&Sheet1!H43&Sheet1!$X$1&Sheet1!I43&Sheet1!$X$1&Sheet1!J43&Sheet1!$X$1&Sheet1!K43&Sheet1!$X$1&Sheet1!L43&Sheet1!$X$1&Sheet1!M43&Sheet1!$X$1&Sheet1!N43&Sheet1!$X$1&Sheet1!O43&Sheet1!$X$1&Sheet1!P43&Sheet1!$X$1&Sheet1!Q43&Sheet1!$X$1&Sheet1!R43&Sheet1!$X$1&Sheet1!S43&Sheet1!$X$1&Sheet1!T43&Sheet1!$X$1&Sheet1!U43 -> 0*441;6000*442;8000*443;6000*444;6000*445;8000*446;6000*447;6000*448;8000*449;6000*450;6000*451;8000*452;6000*453;6000*454;8000*455;6000*456;6000*457;8000*458;6000*459;6000*460
A5: 4 | B5: =Sheet1!B44&Sheet1!$X$1&Sheet1!C44&Sheet1!$X$1&Sheet1!D44&Sheet1!$X$1&Sheet1!E44&Sheet1!$X$1&Sheet1!F44&Sheet1!$X$1&Sheet1!G44&Sheet1!$X$1&Sheet1!H44&Sheet1!$X$1&Sheet1!I44&Sheet1!$X$1&Sheet1!J44&Sheet1!$X$1&Sheet1!K44&Sheet1!$X$1&Sheet1!L44&Sheet1!$X$1&Sheet1!M44&Sheet1!$X$1&Sheet1!N44&Sheet1!$X$1&Sheet1!O44&Sheet1!$X$1&Sheet1!P44&Sheet1!$X$1&Sheet1!Q44&Sheet1!$X$1&Sheet1!R44&Sheet1!$X$1&Sheet1!S44&Sheet1!$X$1&Sheet1!T44&Sheet1!$X$1&Sheet1!U44 -> 0*461;6000*462;8000*463;6000*464;6000*465;8000*466;6000*467;6000*468;8000*469;6000*470;6000*471;8000*472;6000*473;6000*474;8000*475;6000*476;6000*477;8000*478;6000*479;6000*480
A6: 5 | B6: =Sheet1!B45&Sheet1!$X$1&Sheet1!C45&Sheet1!$X$1&Sheet1!D45&Sheet1!$X$1&Sheet1!E45&Sheet1!$X$1&Sheet1!F45&Sheet1!$X$1&Sheet1!G45&Sheet1!$X$1&Sheet1!H45&Sheet1!$X$1&Sheet1!I45&Sheet1!$X$1&Sheet1!J45&Sheet1!$X$1&Sheet1!K45&Sheet1!$X$1&Sheet1!L45&Sheet1!$X$1&Sheet1!M45&Sheet1!$X$1&Sheet1!N45&Sheet1!$X$1&Sheet1!O45&Sheet1!$X$1&Sheet1!P45&Sheet1!$X$1&Sheet1!Q45&Sheet1!$X$1&Sheet1!R45&Sheet1!$X$1&Sheet1!S45&Sheet1!$X$1&Sheet1!T45&Sheet1!$X$1&Sheet1!U45 -> 0*481;6000*482;8000*483;6000*484;6000*485;8000*486;6000*487;6000*488;8000*489;6000*490;6000*491;8000*492;6000*493;6000*494;8000*495;6000*496;6000*497;8000*498;6000*499;6000*500
A7: 6 | B7: =Sheet1!B46&Sheet1!$X$1&Sheet1!C46&Sheet1!$X$1&Sheet1!D46&Sheet1!$X$1&Sheet1!E46&Sheet1!$X$1&Sheet1!F46&Sheet1!$X$1&Sheet1!G46&Sheet1!$X$1&Sheet1!H46&Sheet1!$X$1&Sheet1!I46&Sheet1!$X$1&Sheet1!J46&Sheet1!$X$1&Sheet1!K46&Sheet1!$X$1&Sheet1!L46&Sheet1!$X$1&Sheet1!M46&Sheet1!$X$1&Sheet1!N46&Sheet1!$X$1&Sheet1!O46&Sheet1!$X$1&Sheet1!P46&Sheet1!$X$1&Sheet1!Q46&Sheet1!$X$1&Sheet1!R46&Sheet1!$X$1&Sheet1!S46&Sheet1!$X$1&Sheet1!T46&Sheet1!$X$1&Sheet1!U46 -> 0*501;6000*502;8000*503;6000*504;6000*505;8000*506;6000*507;6000*508;8000*509;6000*510;6000*511;8000*512;6000*513;6000*514;8000*515;6000*516;6000*517;8000*518;6000*519;6000*520
A8: 7 | B8: =Sheet1!B47&Sheet1!$X$1&Sheet1!C47&Sheet1!$X$1&Sheet1!D47&Sheet1!$X$1&Sheet1!E47&Sheet1!$X$1&Sheet1!F47&Sheet1!$X$1&Sheet1!G47&Sheet1!$X$1&Sheet1!H47&Sheet1!$X$1&Sheet1!I47&Sheet1!$X$1&Sheet1!J47&Sheet1!$X$1&Sheet1!K47&Sheet1!$X$1&Sheet1!L47&Sheet1!$X$1&Sheet1!M47&Sheet1!$X$1&Sheet1!N47&Sheet1!$X$1&Sheet1!O47&Sheet1!$X$1&Sheet1!P47&Sheet1!$X$1&Sheet1!Q47&Sheet1!$X$1&Sheet1!R47&Sheet1!$X$1&Sheet1!S47&Sheet1!$X$1&Sheet1!T47&Sheet1!$X$1&Sheet1!U47 -> 0*521;6000*522;8000*523;6000*524;6000*525;8000*526;6000*527;6000*528;8000*529;6000*530;6000*531;8000*532;6000*533;6000*534;8000*535;6000*536;6000*537;8000*538;6000*539;6000*540
A9: 8 | B9: =Sheet1!B48&Sheet1!$X$1&Sheet1!C48&Sheet1!$X$1&Sheet1!D48&Sheet1!$X$1&Sheet1!E48&Sheet1!$X$1&Sheet1!F48&Sheet1!$X$1&Sheet1!G48&Sheet1!$X$1&Sheet1!H48&Sheet1!$X$1&Sheet1!I48&Sheet1!$X$1&Sheet1!J48&Sheet1!$X$1&Sheet1!K48&Sheet1!$X$1&Sheet1!L48&Sheet1!$X$1&Sheet1!M48&Sheet1!$X$1&Sheet1!N48&Sheet1!$X$1&Sheet1!O48&Sheet1!$X$1&Sheet1!P48&Sheet1!$X$1&Sheet1!Q48&Sheet1!$X$1&Sheet1!R48&Sheet1!$X$1&Sheet1!S48&Sheet1!$X$1&Sheet1!T48&Sheet1!$X$1&Sheet1!U48 -> 0*541;6000*542;8000*543;6000*544;6000*545;8000*546;6000*547;6000*548;8000*549;6000*550;6000*551;8000*552;6000*553;6000*554;8000*555;6000*556;6000*557;8000*558;6000*559;6000*560
A10: 9 | B10: =Sheet1!B49&Sheet1!$X$1&Sheet1!C49&Sheet1!$X$1&Sheet1!D49&Sheet1!$X$1&Sheet1!E49&Sheet1!$X$1&Sheet1!F49&Sheet1!$X$1&Sheet1!G49&Sheet1!$X$1&Sheet1!H49&Sheet1!$X$1&Sheet1!I49&Sheet1!$X$1&Sheet1!J49&Sheet1!$X$1&Sheet1!K49&Sheet1!$X$1&Sheet1!L49&Sheet1!$X$1&Sheet1!M49&Sheet1!$X$1&Sheet1!N49&Sheet1!$X$1&Sheet1!O49&Sheet1!$X$1&Sheet1!P49&Sheet1!$X$1&Sheet1!Q49&Sheet1!$X$1&Sheet1!R49&Sheet1!$X$1&Sheet1!S49&Sheet1!$X$1&Sheet1!T49&Sheet1!$X$1&Sheet1!U49 -> 0*561;6000*562;8000*563;6000*564;6000*565;8000*566;6000*567;6000*568;8000*569;6000*570;6000*571;8000*572;6000*573;6000*574;8000*575;6000*576;6000*577;8000*578;6000*579;6000*580
A11: 10 | B11: =Sheet1!B50&Sheet1!$X$1&Sheet1!C50&Sheet1!$X$1&Sheet1!D50&Sheet1!$X$1&Sheet1!E50&Sheet1!$X$1&Sheet1!F50&Sheet1!$X$1&Sheet1!G50&Sheet1!$X$1&Sheet1!H50&Sheet1!$X$1&Sheet1!I50&Sheet1!$X$1&Sheet1!J50&Sheet1!$X$1&Sheet1!K50&Sheet1!$X$1&Sheet1!L50&Sheet1!$X$1&Sheet1!M50&Sheet1!$X$1&Sheet1!N50&Sheet1!$X$1&Sheet1!O50&Sheet1!$X$1&Sheet1!P50&Sheet1!$X$1&Sheet1!Q50&Sheet1!$X$1&Sheet1!R50&Sheet1!$X$1&Sheet1!S50&Sheet1!$X$1&Sheet1!T50&Sheet1!$X$1&Sheet1!U50 -> 0*581;6000*582;8000*583;6000*584;6000*585;8000*586;6000*587;6000*588;8000*589;6000*590;6000*591;8000*592;6000*593;6000*594;8000*595;6000*596;6000*597;8000*598;6000*599;6000*600
A12: 11 | B12: =Sheet1!B51&Sheet1!$X$1&Sheet1!C51&Sheet1!$X$1&Sheet1!D51&Sheet1!$X$1&Sheet1!E51&Sheet1!$X$1&Sheet1!F51&Sheet1!$X$1&Sheet1!G51&Sheet1!$X$1&Sheet1!H51&Sheet1!$X$1&Sheet1!I51&Sheet1!$X$1&Sheet1!J51&Sheet1!$X$1&Sheet1!K51&Sheet1!$X$1&Sheet1!L51&Sheet1!$X$1&Sheet1!M51&Sheet1!$X$1&Sheet1!N51&Sheet1!$X$1&Sheet1!O51&Sheet1!$X$1&Sheet1!P51&Sheet1!$X$1&Sheet1!Q51&Sheet1!$X$1&Sheet1!R51&Sheet1!$X$1&Sheet1!S51&Sheet1!$X$1&Sheet1!T51&Sheet1!$X$1&Sheet1!U51 -> 0*601;6000*602;8000*603;6000*604;6000*605;8000*606;6000*607;6000*608;8000*609;6000*610;6000*611;8000*612;6000*613;6000*614;8000*615;6000*616;6000*617;8000*618;6000*619;6000*620
A13: 12 | B13: =Sheet1!B52&Sheet1!$X$1&Sheet1!C52&Sheet1!$X$1&Sheet1!D52&Sheet1!$X$1&Sheet1!E52&Sheet1!$X$1&Sheet1!F52&Sheet1!$X$1&Sheet1!G52&Sheet1!$X$1&Sheet1!H52&Sheet1!$X$1&Sheet1!I52&Sheet1!$X$1&Sheet1!J52&Sheet1!$X$1&Sheet1!K52&Sheet1!$X$1&Sheet1!L52&Sheet1!$X$1&Sheet1!M52&Sheet1!$X$1&Sheet1!N52&Sheet1!$X$1&Sheet1!O52&Sheet1!$X$1&Sheet1!P52&Sheet1!$X$1&Sheet1!Q52&Sheet1!$X$1&Sheet1!R52&Sheet1!$X$1&Sheet1!S52&Sheet1!$X$1&Sheet1!T52&Sheet1!$X$1&Sheet1!U52 -> 0*621;6000*622;8000*623;6000*624;6000*625;8000*626;6000*627;6000*628;8000*629;6000*630;6000*631;8000*632;6000*633;6000*634;8000*635;6000*636;6000*637;8000*638;6000*639;6000*640
... A31: 30 | B31: =Sheet1!B70&Sheet1!$X$1&Sheet1!C70&Sheet1!$X$1&Sheet1!D70&Sheet1!$X$1&Sheet1!E70&Sheet1!$X$1&Sheet1!F70&Sheet1!$X$1&Sheet1!G70&Sheet1!$X$1&Sheet1!H70&Sheet1!$X$1&Sheet1!I70&Sheet1!$X$1&Sheet1!J70&Sheet1!$X$1&Sheet1!K70&Sheet1!$X$1&Sheet1!L70&Sheet1!$X$1&Sheet1!M70&Sheet1!$X$1&Sheet1!N70&Sheet1!$X$1&Sheet1!O70&Sheet1!$X$1&Sheet1!P70&Sheet1!$X$1&Sheet1!Q70&Sheet1!$X$1&Sheet1!R70&Sheet1!$X$1&Sheet1!S70&Sheet1!$X$1&Sheet1!T70&Sheet1!$X$1&Sheet1!U70 -> 0*981;6000*982;8000*983;6000*984;6000*985;8000*986;6000*987;6000*988;8000*989;6000*990;6000*991;8000*992;6000*993;6000*994;8000*995;6000*996;6000*997;8000*998;6000*999;6000*1000

Sheet Sheet4
A1: 2 | B1: 4 | C1: 6 | D1: 8 | E1: 10 | F1: 12 | G1: 14 | H1: 16 | I1: 18 | J1: 20 | K1: 22 | L1: 24 | M1: 28 | N1: 32 | O1: 36 | P1: 40 | Q1: 45 | R1: 50 | S1: 55 | T1: 60
A2: 3 | B2: 4 | C2: 6 | D2: 8 | E2: 9 | F2: 10 | G2: 12 | H2: 14 | I2: 16 | J2: 18 | K2: 20 | L2: 24 | M2: 28 | N2: 32 | O2: 36 | P2: 40 | Q2: 45 | R2: 50 | S2: 55 | T2: 60
A3: 4 | B3: 6 | C3: 7 | D3: 8 | E3: 9 | F3: 10 | G3: 12 | H3: 14 | I3: 16 | J3: 18 | K3: 20 | L3: 24 | M3: 28 | N3: 32 | O3: 36 | P3: 40 | Q3: 45 | R3: 50 | S3: 55 | T3: 60
A4: 4 | B4: 6 | C4: 7 | D4: 8 | E4: 9 | F4: 10 | G4: 12 | H4: 14 | I4: 16 | J4: 19 | K4: 20 | L4: 24 | M4: 28 | N4: 32 | O4: 36 | P4: 40 | Q4: 45 | R4: 50 | S4: 55 | T4: 60
A5: 4 | B5: 5 | C5: 6 | D5: 7 | E5: 8 | F5: 10 | G5: 14 | H5: 16 | I5: 18 | J5: 26 | K5: 30 | L5: 35 | M5: 40 | N5: 45 | O5: 50 | P5: 55 | Q5: 60 | R5: 65 | S5: 70 | T5: 75
A6: 5 | B6: 6 | C6: 7 | D6: 8 | E6: 9 | F6: 12 | G6: 16 | H6: 20 | I6: 25 | J6: 30 | K6: 35 | L6: 40 | M6: 45 | N6: 50 | O6: 56 | P6: 60 | Q6: 65 | R6: 70 | S6: 75 | T6: 80
A9: 5 | B9: 6 | C9: 7 | D9: 8 | E9: 9 | F9: 12 | G9: 16 | H9: 20 | I9: 25 | J9: 30 | K9: 35 | L9: 40 | M9: 45 | N9: 50 | O9: 55 | P9: 60 | Q9: 65 | R9: 70 | S9: 75 | T9: 80
A10: 5 | B10: 6 | C10: 7 | D10: 8 | E10: 9 | F10: 12 | G10: 16 | H10: 20 | I10: 25 | J10: 30 | K10: 35 | L10: 40 | M10: 45 | N10: 50 | O10: 55 | P10: 60 | Q10: 65 | R10: 70 | S10: 75 | T10: 80
A11: 5 | B11: 6 | C11: 7 | D11: 8 | E11: 9 | F11: 12 | G11: 16 | H11: 20 | I11: 25 | J11: 30 | K11: 35 | L11: 40 | M11: 45 | N11: 50 | O11: 55 | P11: 60 | Q11: 65 | R11: 70 | S11: 75 | T11: 80
A15: 5 | B15: 6 | C15: 7 | D15: 8 | E15: 9 | F15: 12 | G15: 16 | H15: 20 | I15: 25 | J15: 30 | K15: 35 | L15: 40 | M15: 50 | N15: 60 | O15: 70 | P15: 80 | Q15: 90 | R15: 100 | S15: 110 | T15: 120
A16: 5 | B16: 6 | C16: 7 | D16: 8 | E16: 9 | F16: 12 | G16: 16 | H16: 20 | I16: 25 | J16: 30 | K16: 35 | L16: 40 | M16: 50 | N16: 60 | O16: 70 | P16: 80 | Q16: 90 | R16: 100 | S16: 110 | T16: 120
A17: 5 | B17: 6 | C17: 7 | D17: 8 | E17: 9 | F17: 12 | G17: 16 | H17: 20 | I17: 25 | J17: 30 | K17: 35 | L17: 40 | M17: 50 | N17: 60 | O17: 70 | P17: 80 | Q17: 90 | R17: 100 | S17: 110 | T17: 120
